{
    "data": [
      {
        "orglevel": 4,
        "organization": "CBG",
        "empName": "Employee CBG4",
        "currency": "HKD",
        "currentYearBaseline": 11446873,
        "currentYearTotalPool": 11446873,
        "poolAllocated": 10000000,
        "reserveAmount": "",
        "rate": 0.17472020,
        "unspentAmount": ""
      },
      {
        "orglevel": 5,
        "organization": "CBG",
        "empName": "Employee CBG4-1",
        "currency": "HKD",
        "currentYearBaseline": 3000000,
        "currentYearTotalPool": 3000000,
        "poolAllocated": 3000000,
        "reserveAmount": "",
        "rate": 0.17472020,
        "unspentAmount": ""
      },
      {
        "orglevel": 5,
        "organization": "CBG",
        "empName": "Employee CBG4-2",
        "currency": "HKD",
        "currentYearBaseline": 3500000,
        "currentYearTotalPool": 4000000,
        "poolAllocated": 4000000,
        "reserveAmount": "",
        "rate": 0.17472020,
        "unspentAmount": ""
      },
      {
        "orglevel": 5,
        "organization": "CBG",
        "empName": "Employee CBG4-3",
        "currency": "HKD",
        "currentYearBaseline": 3500000,
        "currentYearTotalPool": 3000000,
        "poolAllocated": 3000000,
        "reserveAmount": "",
        "rate": 0.17472020,
        "unspentAmount": ""
      }
    ]
  }