{
    "data": [
        {
            "id": 1,
            "roleCode": "HRCS_CA",
            "menuCode": "HRCS_RP",
            "checked": true
        },
        {
            "id": 2,
            "roleCode": "HRCS_CA",
            "menuCode": "HRCS_UP",
            "checked": true
        },
        {
            "id": 3,
            "roleCode": "HRCS_CA",
            "menuCode": "HRCS_RS",
            "checked": false
        },
        {
            "id": 4,
            "roleCode": "HRCS_CA",
            "menuCode": "HRCS_BM",
            "checked": false
        },
        {
            "id": 5,
            "roleCode": "HRCS_CA",
            "menuCode": "HRCS_BC",
            "checked": false
        },
        {
            "id": 6,
            "roleCode": "HRCS_CA",
            "menuCode": "HRCS_SA",
            "checked": false
        },
        {
            "id": 7,
            "roleCode": "HRCS_CA",
            "menuCode": "HRCS_AC",
            "checked": false
        },
        {
            "id": 8,
            "roleCode": "HRCS_CA",
            "menuCode": "HRCS_AL",
            "checked": false
        },
        {
            "id": 9,
            "roleCode": "HRCS_CA",
            "menuCode": "HRCS_RE",
            "checked": false
        },
        {
            "id": 10,
            "roleCode": "HRCS_CA",
            "menuCode": "HRCS_EI",
            "checked": false
        },
        {
            "id": 11,
            "roleCode": "HRCS_CA",
            "menuCode": "HRCS_UF",
            "checked": false
        },
        {
            "id": 12,
            "roleCode": "HRCS_GR",
            "menuCode": "HRCS_RP",
            "checked": true
        },
        {
            "id": 13,
            "roleCode": "HRCS_GR",
            "menuCode": "HRCS_UF",
            "checked": true
        }
    ]
}